{"type": "block", "layer": 0, "block": 0, "features": [{"geom": {"pts": [[114.10166666666667, 22.546388888888888, 0.0]], "r": 0.00025, "h": 0.00884}, "mtl": 0}], "featureCount": 1, "startIndex": 0}