{"type": "block", "layer": 0, "block": 0, "features": [{"geom": {"pts": [[-0.10693132076092127, 0.02067084649815598, 0.0]], "r": 0.0002, "h": 0.00442}, "mtl": 0}], "featureCount": 1, "startIndex": 0}